reco_id,created_at,based_on_log_id,employee_id,manager_id,team_id,work_title_snapshot,technologies_snapshot,skill_tags_input,recommended_course_ids,recommended_titles_snapshot,rationale,plan_2weeks,delivery_channel,user_feedback
rec_0001,2026-01-01T15:41:00Z,1085,emp_06,mgr_02,team_beta,Cost optimization study for analytics-api,"FinOps, AWS, Monitoring","finops, cost-optimization, cloud, aws, observability, monitoring","crs_0073, crs_0083, crs_0071","FinOps Fundamentals: Cloud Cost Optimization and Governance: Identity Track, FinOps Fundamentals: Cloud Cost Optimization and Governance for Engineers, FinOps Fundamentals: Cloud Cost Optimization and Governance: Orders Essentials",FinOps Fundamentals: Cloud Cost Optimization and Governance: Identity Track: strengthens finops/cost-optimization with practical patterns | FinOps Fundamentals: Cloud Cost Optimization and Governance for Engineers: strengthens cost-optimization/cloud with practical patterns | FinOps Fundamentals: Cloud Cost Optimization and Governance: Orders Essentials: strengthens cloud/aws with practical patterns,"Week 1: crs_0073 (focus modules, ~3h) + apply to current work item | Week 2: crs_0083 (practice + mini-checklist, ~3h) | Stretch: crs_0071 (optional deep dive, 1–2 sessions)",Teams,None
rec_0002,2026-01-03T11:55:00Z,1014,emp_01,mgr_01,team_alpha,Secrets rotation automation,"Vault, Terraform, Automation","secrets, security, iac, platform, automation","crs_0035, crs_0091, crs_0031","Secrets Management and Rotation Automation with Vault in Practice, Secrets Management and Rotation Automation with Vault for Engineers, Secrets Management and Rotation Automation with Vault Bootcamp",Secrets Management and Rotation Automation with Vault in Practice: strengthens secrets/security with practical patterns | Secrets Management and Rotation Automation with Vault for Engineers: strengthens security/iac with practical patterns | Secrets Management and Rotation Automation with Vault Bootcamp: strengthens iac/platform with practical patterns,"Week 1: crs_0035 (focus modules, ~8h) + apply to current work item | Week 2: crs_0091 (practice + mini-checklist, ~8h) | Stretch: crs_0031 (optional deep dive, 1–2 sessions)",Orchestrate Chat,Helpful
rec_0005,2026-01-04T09:51:00Z,1058,emp_09,mgr_01,team_alpha,CI/CD pipeline hardening for web-dashboard,"GitHub Actions, Docker, Trivy","cicd, automation, containers, security, supply-chain","crs_0007, crs_0096, crs_0040","Supply Chain Security and Container Scanning in CI at Scale, Supply Chain Security and Container Scanning in CI for Engineers, CI/CD with GitHub Actions and Modern DevOps: Notifications Playbook",Supply Chain Security and Container Scanning in CI at Scale: strengthens cicd/automation with practical patterns | Supply Chain Security and Container Scanning in CI for Engineers: strengthens automation/containers with practical patterns | CI/CD with GitHub Actions and Modern DevOps: Notifications Playbook: strengthens containers/security with practical patterns,"Week 1: crs_0007 (focus modules, ~6h) + apply to current work item | Week 2: crs_0096 (practice + mini-checklist, ~6h) | Stretch: crs_0040 (optional deep dive, 1–2 sessions)",Teams,Saved
rec_0004,2026-01-04T13:41:00Z,1023,emp_03,mgr_01,team_alpha,Fix flaky integration tests in platform-core,"PyTest, CI, Mocking","testing, quality, cicd","crs_0015, crs_0088, crs_0077","Scalable Testing Strategies with PyTest and Mocking for Reliable Systems, Testing Strategies with PyTest and Mocking for Reliable Systems for Engineers, Testing Strategies with PyTest and Mocking for Reliable Systems: Search Series",Scalable Testing Strategies with PyTest and Mocking for Reliable Systems: strengthens testing/quality with practical patterns | Testing Strategies with PyTest and Mocking for Reliable Systems for Engineers: strengthens quality/cicd with practical patterns | Testing Strategies with PyTest and Mocking for Reliable Systems: Search Series: strengthens cicd/testing with practical patterns,"Week 1: crs_0015 (focus modules, ~4h) + apply to current work item | Week 2: crs_0088 (practice + mini-checklist, ~4h) | Stretch: crs_0077 (optional deep dive, 1–2 sessions)",Teams,Saved
rec_0003,2026-01-04T14:56:00Z,1015,emp_02,mgr_03,team_gamma,Patch dependency CVE in ml-pipelines,"Dependency Management, SCA, Security","dependency-mgmt, security, sca","crs_0007, crs_0096, crs_0082","Supply Chain Security and Container Scanning in CI at Scale, Supply Chain Security and Container Scanning in CI for Engineers, Scalable Secrets Management and Rotation Automation with Vault",Supply Chain Security and Container Scanning in CI at Scale: strengthens dependency-mgmt/security with practical patterns | Supply Chain Security and Container Scanning in CI for Engineers: strengthens security/sca with practical patterns | Scalable Secrets Management and Rotation Automation with Vault: strengthens sca/dependency-mgmt with practical patterns,"Week 1: crs_0007 (focus modules, ~6h) + apply to current work item | Week 2: crs_0096 (practice + mini-checklist, ~6h) | Stretch: crs_0082 (optional deep dive, 1–2 sessions)",Teams,None
rec_0006,2026-01-04T17:40:00Z,1097,emp_01,mgr_01,team_alpha,Implement rate limiting for profile-service,"Redis, API Gateway, Backend","caching, backend, api-gateway, platform, api-design","crs_0051, crs_0061, crs_0079","Caching and Rate Limiting for High-Scale APIs: Billing Mastery, Production Caching and Rate Limiting for High-Scale APIs, Caching and Rate Limiting for High-Scale APIs: Profile Track",Caching and Rate Limiting for High-Scale APIs: Billing Mastery: strengthens caching/backend with practical patterns | Production Caching and Rate Limiting for High-Scale APIs: strengthens backend/api-gateway with practical patterns | Caching and Rate Limiting for High-Scale APIs: Profile Track: strengthens api-gateway/platform with practical patterns,"Week 1: crs_0051 (focus modules, ~8h) + apply to current work item | Week 2: crs_0061 (practice + mini-checklist, ~8h) | Stretch: crs_0079 (optional deep dive, 1–2 sessions)",Slack,Helpful
rec_0007,2026-01-05T12:47:00Z,1003,emp_04,mgr_03,team_gamma,Cost optimization study for notifications,"FinOps, AWS, Monitoring","finops, cost-optimization, cloud, aws, observability, monitoring","crs_0070, crs_0013, crs_0050","FinOps Fundamentals: Cloud Cost Optimization and Governance at Scale (2026), Modern FinOps Fundamentals: Cloud Cost Optimization and Governance, FinOps Fundamentals: Cloud Cost Optimization and Governance in Practice",FinOps Fundamentals: Cloud Cost Optimization and Governance at Scale (2026): strengthens finops/cost-optimization with practical patterns | Modern FinOps Fundamentals: Cloud Cost Optimization and Governance: strengthens cost-optimization/cloud with practical patterns | FinOps Fundamentals: Cloud Cost Optimization and Governance in Practice: strengthens cloud/aws with practical patterns,"Week 1: crs_0070 (focus modules, ~6h) + apply to current work item | Week 2: crs_0013 (practice + mini-checklist, ~6h) | Stretch: crs_0050 (optional deep dive, 1–2 sessions)",Orchestrate Chat,Saved
rec_0008,2026-01-06T16:23:00Z,1078,emp_05,mgr_02,team_beta,Secrets rotation automation,"Vault, Terraform, Automation","secrets, security, iac, platform, automation","crs_0005, crs_0031, crs_0035","Infrastructure as Code with Terraform and Cloud Foundations: Analytics Essentials, Secrets Management and Rotation Automation with Vault Bootcamp, Secrets Management and Rotation Automation with Vault in Practice",Infrastructure as Code with Terraform and Cloud Foundations: Analytics Essentials: strengthens secrets/security with practical patterns | Secrets Management and Rotation Automation with Vault Bootcamp: strengthens security/iac with practical patterns | Secrets Management and Rotation Automation with Vault in Practice: strengthens iac/platform with practical patterns,"Week 1: crs_0005 (focus modules, ~6h) + apply to current work item | Week 2: crs_0031 (practice + mini-checklist, ~6h) | Stretch: crs_0035 (optional deep dive, 1–2 sessions)",Slack,None
rec_0009,2026-01-07T12:21:00Z,1084,emp_04,mgr_03,team_gamma,Resolve auth redirect loop in analytics-api,"OAuth, OpenID Connect, Nginx","iam, security, edge, reliability","crs_0019, crs_0059, crs_0039","Hands-on Edge Reliability with Nginx and Traffic Management, Modern Edge Reliability with Nginx and Traffic Management, Edge Reliability with Nginx and Traffic Management: Search Essentials",Hands-on Edge Reliability with Nginx and Traffic Management: strengthens iam/security with practical patterns | Modern Edge Reliability with Nginx and Traffic Management: strengthens security/edge with practical patterns | Edge Reliability with Nginx and Traffic Management: Search Essentials: strengthens edge/reliability with practical patterns,"Week 1: crs_0019 (focus modules, ~7h) + apply to current work item | Week 2: crs_0059 (practice + mini-checklist, ~7h) | Stretch: crs_0039 (optional deep dive, 1–2 sessions)",Teams,Helpful
rec_0013,2026-01-08T09:01:00Z,1050,emp_07,mgr_04,team_delta,Streaming ingestion for events,"Kafka, Schema Registry, Python","streaming, kafka, data-platform, schemas, python, backend","crs_0055, crs_0012, crs_0066","Production Practical Data Engineering with Streaming and Kafka, Practical Data Engineering with Streaming and Kafka in Practice, Scalable Go for Backend Services: Concurrency, APIs, and Logging","Production Practical Data Engineering with Streaming and Kafka: strengthens streaming/kafka with practical patterns | Practical Data Engineering with Streaming and Kafka in Practice: strengthens kafka/data-platform with practical patterns | Scalable Go for Backend Services: Concurrency, APIs, and Logging: strengthens data-platform/schemas with practical patterns","Week 1: crs_0055 (focus modules, ~3h) + apply to current work item | Week 2: crs_0012 (practice + mini-checklist, ~3h) | Stretch: crs_0066 (optional deep dive, 1–2 sessions)",Slack,Saved
rec_0010,2026-01-08T10:51:00Z,1002,emp_09,mgr_01,team_alpha,Add audit logging for privileged actions,"Go, Logging, Security","backend, golang, observability, logging, security","crs_0022, crs_0069, crs_0053","Go for Backend Services: Concurrency, APIs, and Logging Foundations, Scalable Go for Backend Services: Concurrency, APIs, and Logging (Capstone), Production Go for Backend Services: Concurrency, APIs, and Logging","Go for Backend Services: Concurrency, APIs, and Logging Foundations: strengthens backend/golang with practical patterns | Scalable Go for Backend Services: Concurrency, APIs, and Logging (Capstone): strengthens golang/observability with practical patterns | Production Go for Backend Services: Concurrency, APIs, and Logging: strengthens observability/logging with practical patterns","Week 1: crs_0022 (focus modules, ~4h) + apply to current work item | Week 2: crs_0069 (practice + mini-checklist, ~4h) | Stretch: crs_0053 (optional deep dive, 1–2 sessions)",Teams,None
rec_0012,2026-01-08T11:33:00Z,1028,emp_04,mgr_03,team_gamma,Secrets rotation automation,"Vault, Terraform, Automation","secrets, security, iac, platform, automation","crs_0031, crs_0005, crs_0008","Secrets Management and Rotation Automation with Vault Bootcamp, Infrastructure as Code with Terraform and Cloud Foundations: Analytics Essentials, Advanced Infrastructure as Code with Terraform and Cloud Foundations",Secrets Management and Rotation Automation with Vault Bootcamp: strengthens secrets/security with practical patterns | Infrastructure as Code with Terraform and Cloud Foundations: Analytics Essentials: strengthens security/iac with practical patterns | Advanced Infrastructure as Code with Terraform and Cloud Foundations: strengthens iac/platform with practical patterns,"Week 1: crs_0031 (focus modules, ~4h) + apply to current work item | Week 2: crs_0005 (practice + mini-checklist, ~4h) | Stretch: crs_0008 (optional deep dive, 1–2 sessions)",Orchestrate Chat,Saved
rec_0011,2026-01-08T17:27:00Z,1021,emp_05,mgr_02,team_beta,Evaluate vector search options for identity-service,"Embeddings, Vector Search, RAG","ml, embeddings, retrieval, vector-search, rag, llm-systems","crs_0080, crs_0074, crs_0057","RAG Systems: Build Production-Ready Retrieval-Augmented Generation Foundations, Practical RAG Systems: Build Production-Ready Retrieval-Augmented Generation, Advanced Vector Search and Embeddings for Retrieval Systems",RAG Systems: Build Production-Ready Retrieval-Augmented Generation Foundations: strengthens ml/embeddings with practical patterns | Practical RAG Systems: Build Production-Ready Retrieval-Augmented Generation: strengthens embeddings/retrieval with practical patterns | Advanced Vector Search and Embeddings for Retrieval Systems: strengthens retrieval/vector-search with practical patterns,"Week 1: crs_0080 (focus modules, ~8h) + apply to current work item | Week 2: crs_0074 (practice + mini-checklist, ~8h) | Stretch: crs_0057 (optional deep dive, 1–2 sessions)",Orchestrate Chat,None
rec_0014,2026-01-09T18:59:00Z,1038,emp_06,mgr_02,team_beta,Resolve auth redirect loop in orders,"OAuth, OpenID Connect, Nginx","iam, security, edge, reliability","crs_0039, crs_0032, crs_0054","Edge Reliability with Nginx and Traffic Management: Search Essentials, Secure Authentication with OAuth and OpenID Connect at Scale, Secure Authentication with OAuth and OpenID Connect: Search Track",Edge Reliability with Nginx and Traffic Management: Search Essentials: strengthens iam/security with practical patterns | Secure Authentication with OAuth and OpenID Connect at Scale: strengthens security/edge with practical patterns | Secure Authentication with OAuth and OpenID Connect: Search Track: strengthens edge/reliability with practical patterns,"Week 1: crs_0039 (focus modules, ~4h) + apply to current work item | Week 2: crs_0032 (practice + mini-checklist, ~4h) | Stretch: crs_0054 (optional deep dive, 1–2 sessions)",Teams,Helpful
rec_0015,2026-01-10T14:24:00Z,1074,emp_11,mgr_03,team_gamma,Evaluate vector search options for profile-service,"Embeddings, Vector Search, RAG","ml, embeddings, retrieval, vector-search, rag, llm-systems","crs_0080, crs_0074, crs_0076","RAG Systems: Build Production-Ready Retrieval-Augmented Generation Foundations, Practical RAG Systems: Build Production-Ready Retrieval-Augmented Generation, Hands-on Vector Search and Embeddings for Retrieval Systems",RAG Systems: Build Production-Ready Retrieval-Augmented Generation Foundations: strengthens ml/embeddings with practical patterns | Practical RAG Systems: Build Production-Ready Retrieval-Augmented Generation: strengthens embeddings/retrieval with practical patterns | Hands-on Vector Search and Embeddings for Retrieval Systems: strengthens retrieval/vector-search with practical patterns,"Week 1: crs_0080 (focus modules, ~8h) + apply to current work item | Week 2: crs_0074 (practice + mini-checklist, ~8h) | Stretch: crs_0076 (optional deep dive, 1–2 sessions)",Orchestrate Chat,None
rec_0016,2026-01-10T15:58:00Z,1075,emp_12,mgr_04,team_delta,Fix flaky integration tests in data-ingest,"PyTest, CI, Mocking","testing, quality, cicd","crs_0088, crs_0024, crs_0015","Testing Strategies with PyTest and Mocking for Reliable Systems for Engineers, Testing Strategies with PyTest and Mocking for Reliable Systems: Analytics Playbook, Scalable Testing Strategies with PyTest and Mocking for Reliable Systems",Testing Strategies with PyTest and Mocking for Reliable Systems for Engineers: strengthens testing/quality with practical patterns | Testing Strategies with PyTest and Mocking for Reliable Systems: Analytics Playbook: strengthens quality/cicd with practical patterns | Scalable Testing Strategies with PyTest and Mocking for Reliable Systems: strengthens cicd/testing with practical patterns,"Week 1: crs_0088 (focus modules, ~4h) + apply to current work item | Week 2: crs_0024 (practice + mini-checklist, ~4h) | Stretch: crs_0015 (optional deep dive, 1–2 sessions)",Orchestrate Chat,Saved
rec_0017,2026-01-11T12:48:00Z,1011,emp_08,mgr_04,team_delta,Feature flag rollout for billing-service,"Feature Flags, Observability, Backend","release-engineering, feature-flags, risk-mitigation, observability, monitoring, alerting, backend, api-design","crs_0047, crs_0063, crs_0014","Feature Flags and Progressive Delivery: Orders Track, Feature Flags and Progressive Delivery for Engineers, Secure Feature Flags and Progressive Delivery",Feature Flags and Progressive Delivery: Orders Track: strengthens release-engineering/feature-flags with practical patterns | Feature Flags and Progressive Delivery for Engineers: strengthens feature-flags/risk-mitigation with practical patterns | Secure Feature Flags and Progressive Delivery: strengthens risk-mitigation/observability with practical patterns,"Week 1: crs_0047 (focus modules, ~8h) + apply to current work item | Week 2: crs_0063 (practice + mini-checklist, ~8h) | Stretch: crs_0014 (optional deep dive, 1–2 sessions)",Orchestrate Chat,None
rec_0018,2026-01-11T16:19:00Z,1089,emp_08,mgr_04,team_delta,Evaluate vector search options for search-api,"Embeddings, Vector Search, RAG","ml, embeddings, retrieval, vector-search, rag, llm-systems","crs_0074, crs_0080, crs_0057","Practical RAG Systems: Build Production-Ready Retrieval-Augmented Generation, RAG Systems: Build Production-Ready Retrieval-Augmented Generation Foundations, Advanced Vector Search and Embeddings for Retrieval Systems",Practical RAG Systems: Build Production-Ready Retrieval-Augmented Generation: strengthens ml/embeddings with practical patterns | RAG Systems: Build Production-Ready Retrieval-Augmented Generation Foundations: strengthens embeddings/retrieval with practical patterns | Advanced Vector Search and Embeddings for Retrieval Systems: strengthens retrieval/vector-search with practical patterns,"Week 1: crs_0074 (focus modules, ~3h) + apply to current work item | Week 2: crs_0080 (practice + mini-checklist, ~3h) | Stretch: crs_0057 (optional deep dive, 1–2 sessions)",Slack,Helpful
rec_0019,2026-01-14T12:23:00Z,1095,emp_05,mgr_02,team_beta,CI/CD pipeline hardening for infra-modules,"GitHub Actions, Docker, Trivy","cicd, automation, containers, security, supply-chain","crs_0096, crs_0007, crs_0091","Supply Chain Security and Container Scanning in CI for Engineers, Supply Chain Security and Container Scanning in CI at Scale, Secrets Management and Rotation Automation with Vault for Engineers",Supply Chain Security and Container Scanning in CI for Engineers: strengthens cicd/automation with practical patterns | Supply Chain Security and Container Scanning in CI at Scale: strengthens automation/containers with practical patterns | Secrets Management and Rotation Automation with Vault for Engineers: strengthens containers/security with practical patterns,"Week 1: crs_0096 (focus modules, ~3h) + apply to current work item | Week 2: crs_0007 (practice + mini-checklist, ~3h) | Stretch: crs_0091 (optional deep dive, 1–2 sessions)",Slack,Helpful
rec_0021,2026-01-15T12:46:00Z,1042,emp_06,mgr_02,team_beta,Resolve auth redirect loop in analytics-api,"OAuth, OpenID Connect, Nginx","iam, security, edge, reliability","crs_0056, crs_0006, crs_0059","Practical Edge Reliability with Nginx and Traffic Management, Secure Authentication with OAuth and OpenID Connect for Teams, Modern Edge Reliability with Nginx and Traffic Management",Practical Edge Reliability with Nginx and Traffic Management: strengthens iam/security with practical patterns | Secure Authentication with OAuth and OpenID Connect for Teams: strengthens security/edge with practical patterns | Modern Edge Reliability with Nginx and Traffic Management: strengthens edge/reliability with practical patterns,"Week 1: crs_0056 (focus modules, ~3h) + apply to current work item | Week 2: crs_0006 (practice + mini-checklist, ~3h) | Stretch: crs_0059 (optional deep dive, 1–2 sessions)",Teams,Helpful
rec_0022,2026-01-15T12:55:00Z,1082,emp_08,mgr_04,team_delta,CI/CD pipeline hardening for ml-pipelines,"GitHub Actions, Docker, Trivy","cicd, automation, containers, security, supply-chain","crs_0007, crs_0096, crs_0092","Supply Chain Security and Container Scanning in CI at Scale, Supply Chain Security and Container Scanning in CI for Engineers, Secrets Management and Rotation Automation with Vault: Orders Program",Supply Chain Security and Container Scanning in CI at Scale: strengthens cicd/automation with practical patterns | Supply Chain Security and Container Scanning in CI for Engineers: strengthens automation/containers with practical patterns | Secrets Management and Rotation Automation with Vault: Orders Program: strengthens containers/security with practical patterns,"Week 1: crs_0007 (focus modules, ~6h) + apply to current work item | Week 2: crs_0096 (practice + mini-checklist, ~6h) | Stretch: crs_0092 (optional deep dive, 1–2 sessions)",Slack,None
rec_0020,2026-01-15T13:56:00Z,1013,emp_09,mgr_01,team_alpha,Implement rate limiting for billing-service,"Redis, API Gateway, Backend","caching, backend, api-gateway, platform, api-design","crs_0079, crs_0061, crs_0051","Caching and Rate Limiting for High-Scale APIs: Profile Track, Production Caching and Rate Limiting for High-Scale APIs, Caching and Rate Limiting for High-Scale APIs: Billing Mastery",Caching and Rate Limiting for High-Scale APIs: Profile Track: strengthens caching/backend with practical patterns | Production Caching and Rate Limiting for High-Scale APIs: strengthens backend/api-gateway with practical patterns | Caching and Rate Limiting for High-Scale APIs: Billing Mastery: strengthens api-gateway/platform with practical patterns,"Week 1: crs_0079 (focus modules, ~6h) + apply to current work item | Week 2: crs_0061 (practice + mini-checklist, ~6h) | Stretch: crs_0051 (optional deep dive, 1–2 sessions)",Orchestrate Chat,Helpful
rec_0023,2026-01-15T16:25:00Z,1083,emp_02,mgr_03,team_gamma,Patch dependency CVE in data-ingest,"Dependency Management, SCA, Security","dependency-mgmt, security, sca","crs_0054, crs_0035, crs_0049","Secure Authentication with OAuth and OpenID Connect: Search Track, Secrets Management and Rotation Automation with Vault in Practice, Modern Secure Authentication with OAuth and OpenID Connect",Secure Authentication with OAuth and OpenID Connect: Search Track: strengthens dependency-mgmt/security with practical patterns | Secrets Management and Rotation Automation with Vault in Practice: strengthens security/sca with practical patterns | Modern Secure Authentication with OAuth and OpenID Connect: strengthens sca/dependency-mgmt with practical patterns,"Week 1: crs_0054 (focus modules, ~3h) + apply to current work item | Week 2: crs_0035 (practice + mini-checklist, ~3h) | Stretch: crs_0049 (optional deep dive, 1–2 sessions)",Orchestrate Chat,Helpful
rec_0025,2026-01-16T14:41:00Z,1087,emp_07,mgr_04,team_delta,Evaluate vector search options for profile-service,"Embeddings, Vector Search, RAG","ml, embeddings, retrieval, vector-search, rag, llm-systems","crs_0080, crs_0074, crs_0076","RAG Systems: Build Production-Ready Retrieval-Augmented Generation Foundations, Practical RAG Systems: Build Production-Ready Retrieval-Augmented Generation, Hands-on Vector Search and Embeddings for Retrieval Systems",RAG Systems: Build Production-Ready Retrieval-Augmented Generation Foundations: strengthens ml/embeddings with practical patterns | Practical RAG Systems: Build Production-Ready Retrieval-Augmented Generation: strengthens embeddings/retrieval with practical patterns | Hands-on Vector Search and Embeddings for Retrieval Systems: strengthens retrieval/vector-search with practical patterns,"Week 1: crs_0080 (focus modules, ~8h) + apply to current work item | Week 2: crs_0074 (practice + mini-checklist, ~8h) | Stretch: crs_0076 (optional deep dive, 1–2 sessions)",Orchestrate Chat,Not Helpful
rec_0024,2026-01-16T15:16:00Z,1024,emp_05,mgr_02,team_beta,Secrets rotation automation,"Vault, Terraform, Automation","secrets, security, iac, platform, automation","crs_0048, crs_0035, crs_0092","Infrastructure as Code with Terraform and Cloud Foundations in Practice, Secrets Management and Rotation Automation with Vault in Practice, Secrets Management and Rotation Automation with Vault: Orders Program",Infrastructure as Code with Terraform and Cloud Foundations in Practice: strengthens secrets/security with practical patterns | Secrets Management and Rotation Automation with Vault in Practice: strengthens security/iac with practical patterns | Secrets Management and Rotation Automation with Vault: Orders Program: strengthens iac/platform with practical patterns,"Week 1: crs_0048 (focus modules, ~8h) + apply to current work item | Week 2: crs_0035 (practice + mini-checklist, ~8h) | Stretch: crs_0092 (optional deep dive, 1–2 sessions)",Orchestrate Chat,Helpful
rec_0026,2026-01-17T09:19:00Z,1069,emp_08,mgr_04,team_delta,Feature flag rollout for profile-service,"Feature Flags, Observability, Backend","release-engineering, feature-flags, risk-mitigation, observability, monitoring, alerting, backend, api-design","crs_0063, crs_0047, crs_0001","Feature Flags and Progressive Delivery for Engineers, Feature Flags and Progressive Delivery: Orders Track, Feature Flags and Progressive Delivery in Practice",Feature Flags and Progressive Delivery for Engineers: strengthens release-engineering/feature-flags with practical patterns | Feature Flags and Progressive Delivery: Orders Track: strengthens feature-flags/risk-mitigation with practical patterns | Feature Flags and Progressive Delivery in Practice: strengthens risk-mitigation/observability with practical patterns,"Week 1: crs_0063 (focus modules, ~8h) + apply to current work item | Week 2: crs_0047 (practice + mini-checklist, ~8h) | Stretch: crs_0001 (optional deep dive, 1–2 sessions)",Slack,Not Helpful
rec_0027,2026-01-17T14:18:00Z,1072,emp_07,mgr_04,team_delta,Add audit logging for privileged actions,"Go, Logging, Security","backend, golang, observability, logging, security","crs_0053, crs_0042, crs_0086","Production Go for Backend Services: Concurrency, APIs, and Logging, Go for Backend Services: Concurrency, APIs, and Logging for Teams, Production Go for Backend Services: Concurrency, APIs, and Logging (v2)","Production Go for Backend Services: Concurrency, APIs, and Logging: strengthens backend/golang with practical patterns | Go for Backend Services: Concurrency, APIs, and Logging for Teams: strengthens golang/observability with practical patterns | Production Go for Backend Services: Concurrency, APIs, and Logging (v2): strengthens observability/logging with practical patterns","Week 1: crs_0053 (focus modules, ~3h) + apply to current work item | Week 2: crs_0042 (practice + mini-checklist, ~3h) | Stretch: crs_0086 (optional deep dive, 1–2 sessions)",Orchestrate Chat,Saved
rec_0028,2026-01-18T09:26:00Z,1049,emp_01,mgr_01,team_alpha,Database schema migration for identity-service,"PostgreSQL, SQL, Liquibase","database, sql, database-migrations, platform","crs_0085, crs_0037, crs_0045","Zero-Downtime Database Migrations with Liquibase for Engineers, Zero-Downtime Database Migrations with Liquibase: Orders Playbook, Advanced Zero-Downtime Database Migrations with Liquibase",Zero-Downtime Database Migrations with Liquibase for Engineers: strengthens database/sql with practical patterns | Zero-Downtime Database Migrations with Liquibase: Orders Playbook: strengthens sql/database-migrations with practical patterns | Advanced Zero-Downtime Database Migrations with Liquibase: strengthens database-migrations/platform with practical patterns,"Week 1: crs_0085 (focus modules, ~3h) + apply to current work item | Week 2: crs_0037 (practice + mini-checklist, ~3h) | Stretch: crs_0045 (optional deep dive, 1–2 sessions)",Orchestrate Chat,Saved
rec_0029,2026-01-18T18:18:00Z,1067,emp_08,mgr_04,team_delta,Resolve auth redirect loop in notifications,"OAuth, OpenID Connect, Nginx","iam, security, edge, reliability","crs_0019, crs_0039, crs_0054","Hands-on Edge Reliability with Nginx and Traffic Management, Edge Reliability with Nginx and Traffic Management: Search Essentials, Secure Authentication with OAuth and OpenID Connect: Search Track",Hands-on Edge Reliability with Nginx and Traffic Management: strengthens iam/security with practical patterns | Edge Reliability with Nginx and Traffic Management: Search Essentials: strengthens security/edge with practical patterns | Secure Authentication with OAuth and OpenID Connect: Search Track: strengthens edge/reliability with practical patterns,"Week 1: crs_0019 (focus modules, ~7h) + apply to current work item | Week 2: crs_0039 (practice + mini-checklist, ~7h) | Stretch: crs_0054 (optional deep dive, 1–2 sessions)",Teams,Helpful
rec_0031,2026-01-20T11:42:00Z,1088,emp_09,mgr_01,team_alpha,Fix flaky integration tests in infra-modules,"PyTest, CI, Mocking","testing, quality, cicd","crs_0077, crs_0084, crs_0015","Testing Strategies with PyTest and Mocking for Reliable Systems: Search Series, Testing Strategies with PyTest and Mocking for Reliable Systems at Scale, Scalable Testing Strategies with PyTest and Mocking for Reliable Systems",Testing Strategies with PyTest and Mocking for Reliable Systems: Search Series: strengthens testing/quality with practical patterns | Testing Strategies with PyTest and Mocking for Reliable Systems at Scale: strengthens quality/cicd with practical patterns | Scalable Testing Strategies with PyTest and Mocking for Reliable Systems: strengthens cicd/testing with practical patterns,"Week 1: crs_0077 (focus modules, ~5h) + apply to current work item | Week 2: crs_0084 (practice + mini-checklist, ~5h) | Stretch: crs_0015 (optional deep dive, 1–2 sessions)",Slack,Helpful
rec_0030,2026-01-20T17:17:00Z,1041,emp_09,mgr_01,team_alpha,Feature flag rollout for search-api,"Feature Flags, Observability, Backend","release-engineering, feature-flags, risk-mitigation, observability, monitoring, alerting, backend, api-design","crs_0010, crs_0014, crs_0047","Feature Flags and Progressive Delivery: Analytics Essentials, Secure Feature Flags and Progressive Delivery, Feature Flags and Progressive Delivery: Orders Track",Feature Flags and Progressive Delivery: Analytics Essentials: strengthens release-engineering/feature-flags with practical patterns | Secure Feature Flags and Progressive Delivery: strengthens feature-flags/risk-mitigation with practical patterns | Feature Flags and Progressive Delivery: Orders Track: strengthens risk-mitigation/observability with practical patterns,"Week 1: crs_0010 (focus modules, ~3h) + apply to current work item | Week 2: crs_0014 (practice + mini-checklist, ~3h) | Stretch: crs_0047 (optional deep dive, 1–2 sessions)",Teams,Helpful
rec_0033,2026-01-21T11:54:00Z,1017,emp_09,mgr_01,team_alpha,Secrets rotation automation,"Vault, Terraform, Automation","secrets, security, iac, platform, automation","crs_0048, crs_0008, crs_0031","Infrastructure as Code with Terraform and Cloud Foundations in Practice, Advanced Infrastructure as Code with Terraform and Cloud Foundations, Secrets Management and Rotation Automation with Vault Bootcamp",Infrastructure as Code with Terraform and Cloud Foundations in Practice: strengthens secrets/security with practical patterns | Advanced Infrastructure as Code with Terraform and Cloud Foundations: strengthens security/iac with practical patterns | Secrets Management and Rotation Automation with Vault Bootcamp: strengthens iac/platform with practical patterns,"Week 1: crs_0048 (focus modules, ~8h) + apply to current work item | Week 2: crs_0008 (practice + mini-checklist, ~8h) | Stretch: crs_0031 (optional deep dive, 1–2 sessions)",Teams,Helpful
rec_0032,2026-01-21T18:19:00Z,1001,emp_02,mgr_03,team_gamma,Feature flag rollout for profile-service,"Feature Flags, Observability, Backend","release-engineering, feature-flags, risk-mitigation, observability, monitoring, alerting, backend, api-design","crs_0014, crs_0063, crs_0010","Secure Feature Flags and Progressive Delivery, Feature Flags and Progressive Delivery for Engineers, Feature Flags and Progressive Delivery: Analytics Essentials",Secure Feature Flags and Progressive Delivery: strengthens release-engineering/feature-flags with practical patterns | Feature Flags and Progressive Delivery for Engineers: strengthens feature-flags/risk-mitigation with practical patterns | Feature Flags and Progressive Delivery: Analytics Essentials: strengthens risk-mitigation/observability with practical patterns,"Week 1: crs_0014 (focus modules, ~8h) + apply to current work item | Week 2: crs_0063 (practice + mini-checklist, ~8h) | Stretch: crs_0010 (optional deep dive, 1–2 sessions)",Orchestrate Chat,Helpful
rec_0034,2026-01-25T13:35:00Z,1055,emp_07,mgr_04,team_delta,Add audit logging for privileged actions,"Go, Logging, Security","backend, golang, observability, logging, security","crs_0060, crs_0022, crs_0004","Advanced Go for Backend Services: Concurrency, APIs, and Logging, Go for Backend Services: Concurrency, APIs, and Logging Foundations, Go for Backend Services: Concurrency, APIs, and Logging at Scale","Advanced Go for Backend Services: Concurrency, APIs, and Logging: strengthens backend/golang with practical patterns | Go for Backend Services: Concurrency, APIs, and Logging Foundations: strengthens golang/observability with practical patterns | Go for Backend Services: Concurrency, APIs, and Logging at Scale: strengthens observability/logging with practical patterns","Week 1: crs_0060 (focus modules, ~6h) + apply to current work item | Week 2: crs_0022 (practice + mini-checklist, ~6h) | Stretch: crs_0004 (optional deep dive, 1–2 sessions)",Orchestrate Chat,Helpful
rec_0035,2026-01-26T18:48:00Z,1047,emp_09,mgr_01,team_alpha,Cost optimization study for search-api,"FinOps, AWS, Monitoring","finops, cost-optimization, cloud, aws, observability, monitoring","crs_0009, crs_0073, crs_0071","FinOps Fundamentals: Cloud Cost Optimization and Governance Foundations, FinOps Fundamentals: Cloud Cost Optimization and Governance: Identity Track, FinOps Fundamentals: Cloud Cost Optimization and Governance: Orders Essentials",FinOps Fundamentals: Cloud Cost Optimization and Governance Foundations: strengthens finops/cost-optimization with practical patterns | FinOps Fundamentals: Cloud Cost Optimization and Governance: Identity Track: strengthens cost-optimization/cloud with practical patterns | FinOps Fundamentals: Cloud Cost Optimization and Governance: Orders Essentials: strengthens cloud/aws with practical patterns,"Week 1: crs_0009 (focus modules, ~8h) + apply to current work item | Week 2: crs_0073 (practice + mini-checklist, ~8h) | Stretch: crs_0071 (optional deep dive, 1–2 sessions)",Orchestrate Chat,None
rec_0036,2026-01-27T09:51:00Z,1034,emp_04,mgr_03,team_gamma,Patch dependency CVE in web-dashboard,"Dependency Management, SCA, Security","dependency-mgmt, security, sca","crs_0007, crs_0096, crs_0054","Supply Chain Security and Container Scanning in CI at Scale, Supply Chain Security and Container Scanning in CI for Engineers, Secure Authentication with OAuth and OpenID Connect: Search Track",Supply Chain Security and Container Scanning in CI at Scale: strengthens dependency-mgmt/security with practical patterns | Supply Chain Security and Container Scanning in CI for Engineers: strengthens security/sca with practical patterns | Secure Authentication with OAuth and OpenID Connect: Search Track: strengthens sca/dependency-mgmt with practical patterns,"Week 1: crs_0007 (focus modules, ~6h) + apply to current work item | Week 2: crs_0096 (practice + mini-checklist, ~6h) | Stretch: crs_0054 (optional deep dive, 1–2 sessions)",Slack,Not Helpful
rec_0037,2026-01-27T18:37:00Z,1054,emp_02,mgr_03,team_gamma,Evaluate vector search options for search-api,"Embeddings, Vector Search, RAG","ml, embeddings, retrieval, vector-search, rag, llm-systems","crs_0074, crs_0080, crs_0076","Practical RAG Systems: Build Production-Ready Retrieval-Augmented Generation, RAG Systems: Build Production-Ready Retrieval-Augmented Generation Foundations, Hands-on Vector Search and Embeddings for Retrieval Systems",Practical RAG Systems: Build Production-Ready Retrieval-Augmented Generation: strengthens ml/embeddings with practical patterns | RAG Systems: Build Production-Ready Retrieval-Augmented Generation Foundations: strengthens embeddings/retrieval with practical patterns | Hands-on Vector Search and Embeddings for Retrieval Systems: strengthens retrieval/vector-search with practical patterns,"Week 1: crs_0074 (focus modules, ~3h) + apply to current work item | Week 2: crs_0080 (practice + mini-checklist, ~3h) | Stretch: crs_0076 (optional deep dive, 1–2 sessions)",Orchestrate Chat,None
rec_0038,2026-01-28T12:22:00Z,1016,emp_02,mgr_03,team_gamma,CI/CD pipeline hardening for web-dashboard,"GitHub Actions, Docker, Trivy","cicd, automation, containers, security, supply-chain","crs_0096, crs_0007, crs_0034","Supply Chain Security and Container Scanning in CI for Engineers, Supply Chain Security and Container Scanning in CI at Scale, Secure CI/CD with GitHub Actions and Modern DevOps",Supply Chain Security and Container Scanning in CI for Engineers: strengthens cicd/automation with practical patterns | Supply Chain Security and Container Scanning in CI at Scale: strengthens automation/containers with practical patterns | Secure CI/CD with GitHub Actions and Modern DevOps: strengthens containers/security with practical patterns,"Week 1: crs_0096 (focus modules, ~3h) + apply to current work item | Week 2: crs_0007 (practice + mini-checklist, ~3h) | Stretch: crs_0034 (optional deep dive, 1–2 sessions)",Teams,None
rec_0039,2026-01-30T12:08:00Z,1018,emp_08,mgr_04,team_delta,Fix flaky integration tests in data-ingest,"PyTest, CI, Mocking","testing, quality, cicd","crs_0015, crs_0099, crs_0088","Scalable Testing Strategies with PyTest and Mocking for Reliable Systems, Testing Strategies with PyTest and Mocking for Reliable Systems: Orders Series, Testing Strategies with PyTest and Mocking for Reliable Systems for Engineers",Scalable Testing Strategies with PyTest and Mocking for Reliable Systems: strengthens testing/quality with practical patterns | Testing Strategies with PyTest and Mocking for Reliable Systems: Orders Series: strengthens quality/cicd with practical patterns | Testing Strategies with PyTest and Mocking for Reliable Systems for Engineers: strengthens cicd/testing with practical patterns,"Week 1: crs_0015 (focus modules, ~4h) + apply to current work item | Week 2: crs_0099 (practice + mini-checklist, ~4h) | Stretch: crs_0088 (optional deep dive, 1–2 sessions)",Orchestrate Chat,Helpful
rec_0040,2026-01-31T10:20:00Z,1091,emp_05,mgr_02,team_beta,Add audit logging for privileged actions,"Go, Logging, Security","backend, golang, observability, logging, security","crs_0069, crs_0004, crs_0053","Scalable Go for Backend Services: Concurrency, APIs, and Logging (Capstone), Go for Backend Services: Concurrency, APIs, and Logging at Scale, Production Go for Backend Services: Concurrency, APIs, and Logging","Scalable Go for Backend Services: Concurrency, APIs, and Logging (Capstone): strengthens backend/golang with practical patterns | Go for Backend Services: Concurrency, APIs, and Logging at Scale: strengthens golang/observability with practical patterns | Production Go for Backend Services: Concurrency, APIs, and Logging: strengthens observability/logging with practical patterns","Week 1: crs_0069 (focus modules, ~7h) + apply to current work item | Week 2: crs_0004 (practice + mini-checklist, ~7h) | Stretch: crs_0053 (optional deep dive, 1–2 sessions)",Orchestrate Chat,None
